# This file was produced by the NASA Exoplanet Archive  http://exoplanetarchive.ipac.caltech.edu,,,,,,,,,,,,,,,,,,,,,,,,,,,,,,,,,,,,,,,,,,,,,,,,,,,,,,,,,,,,,,,,,
# Fri Apr 26 06:59:44 2024,,,,,,,,,,,,,,,,,,,,,,,,,,,,,,,,,,,,,,,,,,,,,,,,,,,,,,,,,,,,,,,,,
#,,,,,,,,,,,,,,,,,,,,,,,,,,,,,,,,,,,,,,,,,,,,,,,,,,,,,,,,,,,,,,,,,
# User preference: *,,,,,,,,,,,,,,,,,,,,,,,,,,,,,,,,,,,,,,,,,,,,,,,,,,,,,,,,,,,,,,,,,
#,,,,,,,,,,,,,,,,,,,,,,,,,,,,,,,,,,,,,,,,,,,,,,,,,,,,,,,,,,,,,,,,,
# CONSTRAINT:  where (sy_snum = 1,,,,,,,,,,,,,,,,,,,,,,,,,,,,,,,,,,,,,,,,,,,,,,,,,,,,,,,,,,,,,,,,,
# CONSTRAINT:  and sy_pnum >= 2,,,,,,,,,,,,,,,,,,,,,,,,,,,,,,,,,,,,,,,,,,,,,,,,,,,,,,,,,,,,,,,,,
# CONSTRAINT:  and discoverymethod like '%Transit%',,,,,,,,,,,,,,,,,,,,,,,,,,,,,,,,,,,,,,,,,,,,,,,,,,,,,,,,,,,,,,,,,
# CONSTRAINT:  and pl_orbperstr not null,,,,,,,,,,,,,,,,,,,,,,,,,,,,,,,,,,,,,,,,,,,,,,,,,,,,,,,,,,,,,,,,,
# CONSTRAINT:  and pl_orbsmaxstr not null,,,,,,,,,,,,,,,,,,,,,,,,,,,,,,,,,,,,,,,,,,,,,,,,,,,,,,,,,,,,,,,,,
# CONSTRAINT:  and pl_radestr not null,,,,,,,,,,,,,,,,,,,,,,,,,,,,,,,,,,,,,,,,,,,,,,,,,,,,,,,,,,,,,,,,,
# CONSTRAINT:  and pl_orbeccenstr not null,,,,,,,,,,,,,,,,,,,,,,,,,,,,,,,,,,,,,,,,,,,,,,,,,,,,,,,,,,,,,,,,,
# CONSTRAINT:  and pl_orbinclstr not null,,,,,,,,,,,,,,,,,,,,,,,,,,,,,,,,,,,,,,,,,,,,,,,,,,,,,,,,,,,,,,,,,
# CONSTRAINT:  and pl_tranmidstr not null,,,,,,,,,,,,,,,,,,,,,,,,,,,,,,,,,,,,,,,,,,,,,,,,,,,,,,,,,,,,,,,,,
# CONSTRAINT:  and pl_impparstr not null,,,,,,,,,,,,,,,,,,,,,,,,,,,,,,,,,,,,,,,,,,,,,,,,,,,,,,,,,,,,,,,,,
# CONSTRAINT:  and pl_trandurstr not null,,,,,,,,,,,,,,,,,,,,,,,,,,,,,,,,,,,,,,,,,,,,,,,,,,,,,,,,,,,,,,,,,
# CONSTRAINT:  and pl_ratdorstr not null,,,,,,,,,,,,,,,,,,,,,,,,,,,,,,,,,,,,,,,,,,,,,,,,,,,,,,,,,,,,,,,,,
# CONSTRAINT:  and pl_ratrorstr not null,,,,,,,,,,,,,,,,,,,,,,,,,,,,,,,,,,,,,,,,,,,,,,,,,,,,,,,,,,,,,,,,,
# CONSTRAINT:  and pl_orblperstr not null),,,,,,,,,,,,,,,,,,,,,,,,,,,,,,,,,,,,,,,,,,,,,,,,,,,,,,,,,,,,,,,,,
#,,,,,,,,,,,,,,,,,,,,,,,,,,,,,,,,,,,,,,,,,,,,,,,,,,,,,,,,,,,,,,,,,
# COLUMN pl_name:        Planet Name,,,,,,,,,,,,,,,,,,,,,,,,,,,,,,,,,,,,,,,,,,,,,,,,,,,,,,,,,,,,,,,,,
# COLUMN hostname:       Host Name,,,,,,,,,,,,,,,,,,,,,,,,,,,,,,,,,,,,,,,,,,,,,,,,,,,,,,,,,,,,,,,,,
# COLUMN tic_id:         TIC ID,,,,,,,,,,,,,,,,,,,,,,,,,,,,,,,,,,,,,,,,,,,,,,,,,,,,,,,,,,,,,,,,,
# COLUMN sy_snum:        Number of Stars,,,,,,,,,,,,,,,,,,,,,,,,,,,,,,,,,,,,,,,,,,,,,,,,,,,,,,,,,,,,,,,,,
# COLUMN sy_pnum:        Number of Planets,,,,,,,,,,,,,,,,,,,,,,,,,,,,,,,,,,,,,,,,,,,,,,,,,,,,,,,,,,,,,,,,,
# COLUMN discoverymethod: Discovery Method,,,,,,,,,,,,,,,,,,,,,,,,,,,,,,,,,,,,,,,,,,,,,,,,,,,,,,,,,,,,,,,,,
# COLUMN disc_year:      Discovery Year,,,,,,,,,,,,,,,,,,,,,,,,,,,,,,,,,,,,,,,,,,,,,,,,,,,,,,,,,,,,,,,,,
# COLUMN disc_facility:  Discovery Facility,,,,,,,,,,,,,,,,,,,,,,,,,,,,,,,,,,,,,,,,,,,,,,,,,,,,,,,,,,,,,,,,,
# COLUMN disc_telescope: Discovery Telescope,,,,,,,,,,,,,,,,,,,,,,,,,,,,,,,,,,,,,,,,,,,,,,,,,,,,,,,,,,,,,,,,,
# COLUMN tran_flag:      Detected by Transits,,,,,,,,,,,,,,,,,,,,,,,,,,,,,,,,,,,,,,,,,,,,,,,,,,,,,,,,,,,,,,,,,
# COLUMN pl_orbper:      Orbital Period [days],,,,,,,,,,,,,,,,,,,,,,,,,,,,,,,,,,,,,,,,,,,,,,,,,,,,,,,,,,,,,,,,,
# COLUMN pl_orbpererr1:  Orbital Period Upper Unc. [days],,,,,,,,,,,,,,,,,,,,,,,,,,,,,,,,,,,,,,,,,,,,,,,,,,,,,,,,,,,,,,,,,
# COLUMN pl_orbpererr2:  Orbital Period Lower Unc. [days],,,,,,,,,,,,,,,,,,,,,,,,,,,,,,,,,,,,,,,,,,,,,,,,,,,,,,,,,,,,,,,,,
# COLUMN pl_orbperlim:   Orbital Period Limit Flag,,,,,,,,,,,,,,,,,,,,,,,,,,,,,,,,,,,,,,,,,,,,,,,,,,,,,,,,,,,,,,,,,
# COLUMN pl_orbsmax:     Orbit Semi-Major Axis [au],,,,,,,,,,,,,,,,,,,,,,,,,,,,,,,,,,,,,,,,,,,,,,,,,,,,,,,,,,,,,,,,,
# COLUMN pl_orbsmaxerr1: Orbit Semi-Major Axis Upper Unc. [au],,,,,,,,,,,,,,,,,,,,,,,,,,,,,,,,,,,,,,,,,,,,,,,,,,,,,,,,,,,,,,,,,
# COLUMN pl_orbsmaxerr2: Orbit Semi-Major Axis Lower Unc. [au],,,,,,,,,,,,,,,,,,,,,,,,,,,,,,,,,,,,,,,,,,,,,,,,,,,,,,,,,,,,,,,,,
# COLUMN pl_orbsmaxlim:  Orbit Semi-Major Axis Limit Flag,,,,,,,,,,,,,,,,,,,,,,,,,,,,,,,,,,,,,,,,,,,,,,,,,,,,,,,,,,,,,,,,,
# COLUMN pl_rade:        Planet Radius [Earth Radius],,,,,,,,,,,,,,,,,,,,,,,,,,,,,,,,,,,,,,,,,,,,,,,,,,,,,,,,,,,,,,,,,
# COLUMN pl_radeerr1:    Planet Radius Upper Unc. [Earth Radius],,,,,,,,,,,,,,,,,,,,,,,,,,,,,,,,,,,,,,,,,,,,,,,,,,,,,,,,,,,,,,,,,
# COLUMN pl_radeerr2:    Planet Radius Lower Unc. [Earth Radius],,,,,,,,,,,,,,,,,,,,,,,,,,,,,,,,,,,,,,,,,,,,,,,,,,,,,,,,,,,,,,,,,
# COLUMN pl_radelim:     Planet Radius Limit Flag,,,,,,,,,,,,,,,,,,,,,,,,,,,,,,,,,,,,,,,,,,,,,,,,,,,,,,,,,,,,,,,,,
# COLUMN pl_orbeccen:    Eccentricity,,,,,,,,,,,,,,,,,,,,,,,,,,,,,,,,,,,,,,,,,,,,,,,,,,,,,,,,,,,,,,,,,
# COLUMN pl_orbeccenerr1: Eccentricity Upper Unc.,,,,,,,,,,,,,,,,,,,,,,,,,,,,,,,,,,,,,,,,,,,,,,,,,,,,,,,,,,,,,,,,,
# COLUMN pl_orbeccenerr2: Eccentricity Lower Unc.,,,,,,,,,,,,,,,,,,,,,,,,,,,,,,,,,,,,,,,,,,,,,,,,,,,,,,,,,,,,,,,,,
# COLUMN pl_orbeccenlim: Eccentricity Limit Flag,,,,,,,,,,,,,,,,,,,,,,,,,,,,,,,,,,,,,,,,,,,,,,,,,,,,,,,,,,,,,,,,,
# COLUMN pl_orbincl:     Inclination [deg],,,,,,,,,,,,,,,,,,,,,,,,,,,,,,,,,,,,,,,,,,,,,,,,,,,,,,,,,,,,,,,,,
# COLUMN pl_orbinclerr1: Inclination Upper Unc. [deg],,,,,,,,,,,,,,,,,,,,,,,,,,,,,,,,,,,,,,,,,,,,,,,,,,,,,,,,,,,,,,,,,
# COLUMN pl_orbinclerr2: Inclination Lower Unc. [deg],,,,,,,,,,,,,,,,,,,,,,,,,,,,,,,,,,,,,,,,,,,,,,,,,,,,,,,,,,,,,,,,,
# COLUMN pl_orbincllim:  Inclination Limit Flag,,,,,,,,,,,,,,,,,,,,,,,,,,,,,,,,,,,,,,,,,,,,,,,,,,,,,,,,,,,,,,,,,
# COLUMN pl_tranmid:     Transit Midpoint [days],,,,,,,,,,,,,,,,,,,,,,,,,,,,,,,,,,,,,,,,,,,,,,,,,,,,,,,,,,,,,,,,,
# COLUMN pl_tranmiderr1: Transit Midpoint Upper Unc. [days],,,,,,,,,,,,,,,,,,,,,,,,,,,,,,,,,,,,,,,,,,,,,,,,,,,,,,,,,,,,,,,,,
# COLUMN pl_tranmiderr2: Transit Midpoint Lower Unc. [days],,,,,,,,,,,,,,,,,,,,,,,,,,,,,,,,,,,,,,,,,,,,,,,,,,,,,,,,,,,,,,,,,
# COLUMN pl_tranmidlim:  Transit Midpoint Limit Flag,,,,,,,,,,,,,,,,,,,,,,,,,,,,,,,,,,,,,,,,,,,,,,,,,,,,,,,,,,,,,,,,,
# COLUMN pl_imppar:      Impact Parameter,,,,,,,,,,,,,,,,,,,,,,,,,,,,,,,,,,,,,,,,,,,,,,,,,,,,,,,,,,,,,,,,,
# COLUMN pl_impparerr1:  Impact Parameter Upper Unc.,,,,,,,,,,,,,,,,,,,,,,,,,,,,,,,,,,,,,,,,,,,,,,,,,,,,,,,,,,,,,,,,,
# COLUMN pl_impparerr2:  Impact Parameter Lower Unc.,,,,,,,,,,,,,,,,,,,,,,,,,,,,,,,,,,,,,,,,,,,,,,,,,,,,,,,,,,,,,,,,,
# COLUMN pl_impparlim:   Impact Parameter Limit Flag,,,,,,,,,,,,,,,,,,,,,,,,,,,,,,,,,,,,,,,,,,,,,,,,,,,,,,,,,,,,,,,,,
# COLUMN pl_trandep:     Transit Depth [%],,,,,,,,,,,,,,,,,,,,,,,,,,,,,,,,,,,,,,,,,,,,,,,,,,,,,,,,,,,,,,,,,
# COLUMN pl_trandeperr1: Transit Depth Upper Unc. [%],,,,,,,,,,,,,,,,,,,,,,,,,,,,,,,,,,,,,,,,,,,,,,,,,,,,,,,,,,,,,,,,,
# COLUMN pl_trandeperr2: Transit Depth Lower Unc. [%],,,,,,,,,,,,,,,,,,,,,,,,,,,,,,,,,,,,,,,,,,,,,,,,,,,,,,,,,,,,,,,,,
# COLUMN pl_trandeplim:  Transit Depth Limit Flag,,,,,,,,,,,,,,,,,,,,,,,,,,,,,,,,,,,,,,,,,,,,,,,,,,,,,,,,,,,,,,,,,
# COLUMN pl_trandur:     Transit Duration [hours],,,,,,,,,,,,,,,,,,,,,,,,,,,,,,,,,,,,,,,,,,,,,,,,,,,,,,,,,,,,,,,,,
# COLUMN pl_trandurerr1: Transit Duration Upper Unc. [hours],,,,,,,,,,,,,,,,,,,,,,,,,,,,,,,,,,,,,,,,,,,,,,,,,,,,,,,,,,,,,,,,,
# COLUMN pl_trandurerr2: Transit Duration Lower Unc. [hours],,,,,,,,,,,,,,,,,,,,,,,,,,,,,,,,,,,,,,,,,,,,,,,,,,,,,,,,,,,,,,,,,
# COLUMN pl_trandurlim:  Transit Duration Limit Flag,,,,,,,,,,,,,,,,,,,,,,,,,,,,,,,,,,,,,,,,,,,,,,,,,,,,,,,,,,,,,,,,,
# COLUMN pl_ratdor:      Ratio of Semi-Major Axis to Stellar Radius,,,,,,,,,,,,,,,,,,,,,,,,,,,,,,,,,,,,,,,,,,,,,,,,,,,,,,,,,,,,,,,,,
# COLUMN pl_ratdorerr1:  Ratio of Semi-Major Axis to Stellar Radius Upper Unc.,,,,,,,,,,,,,,,,,,,,,,,,,,,,,,,,,,,,,,,,,,,,,,,,,,,,,,,,,,,,,,,,,
# COLUMN pl_ratdorerr2:  Ratio of Semi-Major Axis to Stellar Radius Lower Unc.,,,,,,,,,,,,,,,,,,,,,,,,,,,,,,,,,,,,,,,,,,,,,,,,,,,,,,,,,,,,,,,,,
# COLUMN pl_ratdorlim:   Ratio of Semi-Major Axis to Stellar Radius Limit Flag,,,,,,,,,,,,,,,,,,,,,,,,,,,,,,,,,,,,,,,,,,,,,,,,,,,,,,,,,,,,,,,,,
# COLUMN pl_ratror:      Ratio of Planet to Stellar Radius,,,,,,,,,,,,,,,,,,,,,,,,,,,,,,,,,,,,,,,,,,,,,,,,,,,,,,,,,,,,,,,,,
# COLUMN pl_ratrorerr1:  Ratio of Planet to Stellar Radius Upper Unc.,,,,,,,,,,,,,,,,,,,,,,,,,,,,,,,,,,,,,,,,,,,,,,,,,,,,,,,,,,,,,,,,,
# COLUMN pl_ratrorerr2:  Ratio of Planet to Stellar Radius Lower Unc.,,,,,,,,,,,,,,,,,,,,,,,,,,,,,,,,,,,,,,,,,,,,,,,,,,,,,,,,,,,,,,,,,
# COLUMN pl_ratrorlim:   Ratio of Planet to Stellar Radius Limit Flag,,,,,,,,,,,,,,,,,,,,,,,,,,,,,,,,,,,,,,,,,,,,,,,,,,,,,,,,,,,,,,,,,
# COLUMN pl_orbtper:     Epoch of Periastron [days],,,,,,,,,,,,,,,,,,,,,,,,,,,,,,,,,,,,,,,,,,,,,,,,,,,,,,,,,,,,,,,,,
# COLUMN pl_orbtpererr1: Epoch of Periastron Upper Unc. [days],,,,,,,,,,,,,,,,,,,,,,,,,,,,,,,,,,,,,,,,,,,,,,,,,,,,,,,,,,,,,,,,,
# COLUMN pl_orbtpererr2: Epoch of Periastron Lower Unc. [days],,,,,,,,,,,,,,,,,,,,,,,,,,,,,,,,,,,,,,,,,,,,,,,,,,,,,,,,,,,,,,,,,
# COLUMN pl_orbtperlim:  Epoch of Periastron Limit Flag,,,,,,,,,,,,,,,,,,,,,,,,,,,,,,,,,,,,,,,,,,,,,,,,,,,,,,,,,,,,,,,,,
# COLUMN pl_orblper:     Argument of Periastron [deg],,,,,,,,,,,,,,,,,,,,,,,,,,,,,,,,,,,,,,,,,,,,,,,,,,,,,,,,,,,,,,,,,
# COLUMN pl_orblpererr1: Argument of Periastron Upper Unc. [deg],,,,,,,,,,,,,,,,,,,,,,,,,,,,,,,,,,,,,,,,,,,,,,,,,,,,,,,,,,,,,,,,,
# COLUMN pl_orblpererr2: Argument of Periastron Lower Unc. [deg],,,,,,,,,,,,,,,,,,,,,,,,,,,,,,,,,,,,,,,,,,,,,,,,,,,,,,,,,,,,,,,,,
# COLUMN pl_orblperlim:  Argument of Periastron Limit Flag,,,,,,,,,,,,,,,,,,,,,,,,,,,,,,,,,,,,,,,,,,,,,,,,,,,,,,,,,,,,,,,,,
# COLUMN rastr:          RA [sexagesimal],,,,,,,,,,,,,,,,,,,,,,,,,,,,,,,,,,,,,,,,,,,,,,,,,,,,,,,,,,,,,,,,,
# COLUMN ra:             RA [deg],,,,,,,,,,,,,,,,,,,,,,,,,,,,,,,,,,,,,,,,,,,,,,,,,,,,,,,,,,,,,,,,,
# COLUMN decstr:         Dec [sexagesimal],,,,,,,,,,,,,,,,,,,,,,,,,,,,,,,,,,,,,,,,,,,,,,,,,,,,,,,,,,,,,,,,,
# COLUMN dec:            Dec [deg],,,,,,,,,,,,,,,,,,,,,,,,,,,,,,,,,,,,,,,,,,,,,,,,,,,,,,,,,,,,,,,,,
#,,,,,,,,,,,,,,,,,,,,,,,,,,,,,,,,,,,,,,,,,,,,,,,,,,,,,,,,,,,,,,,,,
pl_name,hostname,tic_id,sy_snum,sy_pnum,discoverymethod,disc_year,disc_facility,disc_telescope,tran_flag,pl_orbper,pl_orbpererr1,pl_orbpererr2,pl_orbperlim,pl_orbsmax,pl_orbsmaxerr1,pl_orbsmaxerr2,pl_orbsmaxlim,pl_rade,pl_radeerr1,pl_radeerr2,pl_radelim,pl_orbeccen,pl_orbeccenerr1,pl_orbeccenerr2,pl_orbeccenlim,pl_orbincl,pl_orbinclerr1,pl_orbinclerr2,pl_orbincllim,pl_tranmid,pl_tranmiderr1,pl_tranmiderr2,pl_tranmidlim,pl_imppar,pl_impparerr1,pl_impparerr2,pl_impparlim,pl_trandep,pl_trandeperr1,pl_trandeperr2,pl_trandeplim,pl_trandur,pl_trandurerr1,pl_trandurerr2,pl_trandurlim,pl_ratdor,pl_ratdorerr1,pl_ratdorerr2,pl_ratdorlim,pl_ratror,pl_ratrorerr1,pl_ratrorerr2,pl_ratrorlim,pl_orbtper,pl_orbtpererr1,pl_orbtpererr2,pl_orbtperlim,pl_orblper,pl_orblpererr1,pl_orblpererr2,pl_orblperlim,rastr,ra,decstr,dec
AU Mic b,AU Mic,TIC 441420236,1,3,Transit,2020,Transiting Exoplanet Survey Satellite (TESS),0.1 m TESS Telescope,1,8.4630004,0.0000058,-0.000006,0,0.0644,0.0056,-0.0054,0,4.19,0.24,-0.22,0,0.12,0.16,-0.08,0,89.18,0.53,-0.45,0,2458330.391,0.00058,-0.00057,0,0.26,0.13,-0.17,0,,,,,3.56,0.6,-0.46,0,18.5,1.3,-1.4,0,0.0512,0.002,-0.002,0,,,,,-20,140,-130,0,20h45m09.87s,311.2911369,-31d20m32.82s,-31.34245
AU Mic c,AU Mic,TIC 441420236,1,3,Transit,2021,Transiting Exoplanet Survey Satellite (TESS),0.1 m TESS Telescope,1,18.85969,0.00008,-0.00008,0,0.1108,0.002,-0.002,0,2.522,0.247,-0.247,0,0.00338,0.00164,-0.00164,0,89.227,0.217,-0.217,0,2458342.224,0.0019,-0.0018,0,0.3,0.13,-0.19,0,0.097,0.018,-0.017,0,4.236,0.029,-0.029,0,32.05,0.86,-1,0,0.0311,0.0028,-0.0028,0,2458324,2.9,-3.7,0,223.2844,1.6836,-1.6836,0,20h45m09.87s,311.2911369,-31d20m32.82s,-31.34245
CoRoT-20 b,CoRoT-20,TIC 234825296,1,2,Transit,2011,CoRoT,0.27 m CoRoT Telescope,1,9.24285,0.0003,-0.0003,0,0.0902,0.0021,-0.0021,0,9.42,0.45,-0.45,0,0.562,0.013,-0.013,0,88.21,0.53,-0.53,0,2455266,0.0014,-0.0014,0,0.26,0.08,-0.08,0,,,,,2.2248,0.0456,-0.0456,0,18.95,0.63,-0.73,0,0.0842,0.0017,-0.0017,0,2455265.791,,,0,56.3,2.4,-2.3,0,06h30m52.90s,97.7204249,+00d13m36.82s,0.2268931
EPIC 220674823 c,EPIC 220674823,TIC 266015990,1,2,Transit,2016,K2,0.95 m Kepler Telescope,1,13.3397,0.00091,-0.00096,0,0.105,0.015,-0.015,0,2.5,0.27,-0.26,0,0.18,0.15,-0.12,0,89.35,0.43,-0.46,0,2457405.732,0.0033,-0.0044,0,0.31,0.17,-0.2,0,,,,,3.66,0.69,-0.57,0,26.2,2.4,-2.7,0,0.02632,0.00075,-0.00058,0,,,,,178,58,-74,0,00h52m19.21s,13.0800239,+10d47m40.94s,10.7947051
EPIC 249893012 c,EPIC 249893012,TIC 432254760,1,3,Transit,2020,K2,0.95 m Kepler Telescope,1,15.624,0.001,-0.001,0,0.13,0.01,-0.02,0,3.67,0.17,-0.14,0,0.07,0.08,-0.05,0,87.94,0.74,-1.05,0,2457998.841,0.002,-0.004,0,0.6,0.15,-0.21,0,,,,,6.37,0.15,-0.12,0,15.79,1.58,-2.56,0,0.0197,0.0008,-0.0006,0,2457998.3,4.4,-3.7,0,217,100,-170,0,15h12m59.58s,228.2482353,-16d43m28.73s,-16.7246474
HD 106315 b,HD 106315,TIC 56815340,1,2,Transit,2017,K2,0.95 m Kepler Telescope,1,9.55237,0.00089,-0.00089,0,0.0907,0.001,-0.001,0,2.44,0.17,-0.17,0,0.093,0.11,-0.068,0,87.54,0.32,-0.32,0,2457586.549,0.0029,-0.0029,0,0.67,0.1,-0.1,0,,,,,3.775,0.081,-0.081,0,15.07,0.7,-0.7,0,0.01728,0.0006,-0.0006,0,,,,,239,74,-200,0,12h13m53.39s,183.4724742,-00d23m36.37s,-0.3934357
HD 106315 c,HD 106315,TIC 56815340,1,2,Transit,2017,K2,0.95 m Kepler Telescope,1,21.058,0.0022,-0.0022,0,0.1503,0.0015,-0.0015,0,4.4,0.25,-0.27,0,0.18,,,1,88.48,0.19,-0.18,0,2457611.133,0.0015,-0.0014,0,0.688,0.044,-0.094,0,,,,,4.728,0.084,-0.0648,0,25.69,1.2,-1.1,0,0.03207,0.0009,-0.0011,0,,,,,53,77,-134,0,12h13m53.39s,183.4724742,-00d23m36.37s,-0.3934357
HD 108236 b,HD 108236,TIC 260647166,1,5,Transit,2020,Transiting Exoplanet Survey Satellite (TESS),0.1 m TESS Telescope,1,3.79523,0.00047,-0.00044,0,0.0469,0.0017,-0.0017,0,1.586,0.098,-0.098,0,0.2,0.3,-0.14,0,87.88,1.3,-0.87,0,2458572.113,0.0031,-0.0036,0,0.38,0.24,-0.24,0,,,,,2.3,0.16,-0.11,0,11.35,0.34,-0.34,0,0.01638,0.00095,-0.00095,0,,,,,190,140,-140,0,12h26m17.78s,186.5740627,-51d21m46.99s,-51.3630519
HD 108236 c,HD 108236,TIC 260647166,1,5,Transit,2020,Transiting Exoplanet Survey Satellite (TESS),0.1 m TESS Telescope,1,6.2037,0.00064,-0.00052,0,0.0651,0.0024,-0.0024,0,2.068,0.1,-0.091,0,0.18,0.34,-0.14,0,88.72,0.82,-0.74,0,2458572.395,0.0025,-0.002,0,0.33,0.25,-0.21,0,,,,,2.913,0.095,-0.095,0,15.78,0.49,-0.49,0,0.02134,0.00094,-0.00083,0,,,,,210,120,-120,0,12h26m17.78s,186.5740627,-51d21m46.99s,-51.3630519
HD 108236 d,HD 108236,TIC 260647166,1,5,Transit,2020,Transiting Exoplanet Survey Satellite (TESS),0.1 m TESS Telescope,1,14.17555,0.00099,-0.0011,0,0.1131,0.004,-0.004,0,2.72,0.11,-0.11,0,0.17,0.3,-0.12,0,89.22,0.45,-0.38,0,2458571.337,0.0015,-0.0013,0,0.35,0.19,-0.21,0,,,,,3.734,0.066,-0.049,0,27.39,0.78,-0.82,0,0.02805,0.00095,-0.00095,0,,,,,190,140,-130,0,12h26m17.78s,186.5740627,-51d21m46.99s,-51.3630519
HD 108236 e,HD 108236,TIC 260647166,1,5,Transit,2020,Transiting Exoplanet Survey Satellite (TESS),0.1 m TESS Telescope,1,19.5917,0.0022,-0.002,0,0.14,0.0052,-0.0052,0,3.12,0.13,-0.12,0,0.2,0.3,-0.13,0,89.32,0.42,-0.3,0,2458586.568,0.0014,-0.0014,0,0.36,0.2,-0.23,0,,,,,4.013,0.08,-0.057,0,33.9,1,-1.1,0,0.0323,0.0012,-0.0011,0,,,,,170,150,-130,0,12h26m17.78s,186.5740627,-51d21m46.99s,-51.3630519
HD 15337 b,HD 15337,TIC 120896927,1,2,Transit,2019,Transiting Exoplanet Survey Satellite (TESS),0.1 m TESS Telescope,1,4.75615,0.00017,-0.00017,0,0.0522,0.0012,-0.0012,0,1.64,0.06,-0.06,0,0.09,0.05,-0.05,0,88.5,0.6,-0.4,0,2458411.462,0.00094,-0.00119,0,0.33,0.09,-0.14,0,,,,,2.49,0.06,-0.06,0,13.11,0.16,-0.15,0,0.01761,0.00055,-0.00058,0,,,,,62,42,-32,0,02h27m28.29s,36.8678846,-27d38m10.02s,-27.6361171
HD 15337 c,HD 15337,TIC 120896927,1,2,Transit,2019,Transiting Exoplanet Survey Satellite (TESS),0.1 m TESS Telescope,1,17.1784,0.0016,-0.0016,0,0.1268,0.0038,-0.0038,0,2.39,0.12,-0.12,0,0.05,0.06,-0.04,0,88.5,0.2,-0.1,0,2458414.55,0.0015,-0.0015,0,0.87,0.01,-0.02,0,,,,,2.25,0.2,-0.11,0,31.87,0.7,-0.7,0,0.0256,0.0011,-0.0011,0,,,,,329,69,-64,0,02h27m28.29s,36.8678846,-27d38m10.02s,-27.6361171
HD 15906 b,HD 15906,TIC 4646810,1,2,Transit,2023,Transiting Exoplanet Survey Satellite (TESS),0.1 m TESS Telescope,1,10.924709,0.000032,-0.000032,0,0.09,0.001,-0.001,0,2.24,0.08,-0.08,0,0.11,0.04,-0.03,0,87.98,0.16,-0.12,0,2458416.345,0.0034,-0.0028,0,0.86,0.03,-0.03,0,0.0729,0.0054,-0.0053,0,1.8,0.07,-0.08,0,25.35,0.22,-0.19,0,0.027,0.001,-0.001,0,,,,,160.5,76.9,-75.7,0,02h33m05.10s,38.2712534,-10d21m07.84s,-10.352178
HD 15906 c,HD 15906,TIC 4646810,1,2,Transit,2023,Transiting Exoplanet Survey Satellite (TESS),0.1 m TESS Telescope,1,21.583298,0.000052,-0.000055,0,0.141,0.002,-0.001,0,2.93,0.07,-0.06,0,0.04,0.01,-0.01,0,88.75,0.02,-0.03,0,2457430.83,0.0027,-0.0025,0,0.9,0.01,-0.01,0,0.1243,0.0054,-0.0051,0,2.19,0.03,-0.03,0,39.92,0.35,-0.03,0,0.035,0.001,-0.001,0,,,,,247.9,38.8,-45.4,0,02h33m05.10s,38.2712534,-10d21m07.84s,-10.352178
HD 191939 b,HD 191939,TIC 269701147,1,6,Transit,2020,Transiting Exoplanet Survey Satellite (TESS),0.1 m TESS Telescope,1,8.8803256,0.0000047,-0.0000047,0,0.0804,0.0025,-0.0023,0,3.41,0.075,-0.075,0,0.031,0.01,-0.011,0,88.1,0.14,-0.1,0,2459443.542,0.00025,-0.00023,0,0.61,0.025,-0.03,0,,,,,2.939,0.036,-0.051,0,18.36,0.5,-0.33,0,0.03319,0.00032,-0.00017,0,,,,,5,40,-35,0,20h08m06.15s,302.0256247,+66d51m01.09s,66.8503014
HD 191939 c,HD 191939,TIC 269701147,1,6,Transit,2020,Transiting Exoplanet Survey Satellite (TESS),0.1 m TESS Telescope,1,28.579743,0.000045,-0.000045,0,0.1752,0.0055,-0.005,0,3.195,0.075,-0.075,0,0.034,0.034,-0.013,0,89.1,0.06,-0.08,0,2459440.549,0.0011,-0.0007,0,0.63,0.05,-0.03,0,,,,,4.162,0.24,-0.096,0,40,1.1,-0.7,0,0.03118,0.00027,-0.00034,0,,,,,-90,220,-40,0,20h08m06.15s,302.0256247,+66d51m01.09s,66.8503014
HD 191939 d,HD 191939,TIC 269701147,1,6,Transit,2020,Transiting Exoplanet Survey Satellite (TESS),0.1 m TESS Telescope,1,38.353037,0.00006,-0.00006,0,0.2132,0.0065,-0.0061,0,2.995,0.07,-0.07,0,0.031,0.018,-0.012,0,89.49,0.05,-0.08,0,2459433.906,0.0005,-0.0009,0,0.44,0.05,-0.03,0,,,,,5.36,0.19,-0.11,0,48.7,1.3,-0.9,0,0.02916,0.00034,-0.00021,0,,,,,15,90,-160,0,20h08m06.15s,302.0256247,+66d51m01.09s,66.8503014
HD 23472 b,HD 23472,TIC 425997655,1,5,Transit,2019,Transiting Exoplanet Survey Satellite (TESS),0.1 m TESS Telescope,1,17.667087,0.000042,-0.000042,0,0.1162,0.0018,-0.0018,0,2,0.11,-0.1,0,0.072,0.039,-0.04,0,88.93,0.16,-0.16,0,2458360.664,0.0012,-0.0012,0,0.69,0.054,-0.09,0,,,,,2.67,0.11,-0.17,0,37.1,2.1,-1.9,0,0.02597,0.00076,-0.00083,0,,,,,114,37,-210,0,03h41m50.17s,55.4590314,-62d46m02.16s,-62.7672667
HD 23472 c,HD 23472,TIC 425997655,1,5,Transit,2019,Transiting Exoplanet Survey Satellite (TESS),0.1 m TESS Telescope,1,29.79749,0.00013,-0.00014,0,0.1646,0.0024,-0.0024,0,1.87,0.12,-0.11,0,0.063,0.054,-0.043,0,89.095,0.089,-0.073,0,2458370.104,0.0019,-0.0018,0,0.785,0.043,-0.054,0,,,,,2.94,0.33,-0.33,0,50.2,3.5,-3.1,0,0.0243,0.0011,-0.001,0,,,,,2,116,-128,0,03h41m50.17s,55.4590314,-62d46m02.16s,-62.7672667
HD 23472 d,HD 23472,TIC 425997655,1,5,Transit,2022,Transiting Exoplanet Survey Satellite (TESS),0.1 m TESS Telescope,1,3.97664,0.00003,-0.000044,0,0.04298,0.00063,-0.00065,0,0.75,0.067,-0.057,0,0.07,0.05,-0.047,0,87.95,1.2,-0.87,0,2458357.84,0.0059,-0.0062,0,0.47,0.16,-0.28,0,,,,,1.99,0.21,-0.2,0,13.29,0.79,-0.78,0,0.00975,0.00077,-0.00072,0,,,,,19,99,-117,0,03h41m50.17s,55.4590314,-62d46m02.16s,-62.7672667
HD 23472 e,HD 23472,TIC 425997655,1,5,Transit,2022,Transiting Exoplanet Survey Satellite (TESS),0.1 m TESS Telescope,1,7.90754,0.00011,-0.00011,0,0.068,0.001,-0.001,0,0.818,0.08,-0.065,0,0.07,0.052,-0.047,0,88.63,0.8,-0.56,0,2458354.566,0.0066,-0.0066,0,0.5,0.18,-0.29,0,,,,,2.48,0.3,-0.3,0,21,1.3,-1.2,0,0.01065,0.00088,-0.00076,0,,,,,46,100,-179,0,03h41m50.17s,55.4590314,-62d46m02.16s,-62.7672667
HD 23472 f,HD 23472,TIC 425997655,1,5,Transit,2022,Transiting Exoplanet Survey Satellite (TESS),0.1 m TESS Telescope,1,12.1621839,0.00012,-0.000099,0,0.0906,0.0014,-0.0014,0,1.137,0.084,-0.077,0,0.07,0.048,-0.051,0,88.81,0.58,-0.32,0,2458360.075,0.0049,-0.0078,0,0.57,0.1,-0.26,0,,,,,2.82,0.22,-0.14,0,28,1.9,-2,0,0.01478,0.00087,-0.00077,0,,,,,4,97,-133,0,03h41m50.17s,55.4590314,-62d46m02.16s,-62.7672667
HD 260655 b,HD 260655,TIC 307809773,1,2,Transit,2022,Transiting Exoplanet Survey Satellite (TESS),0.1 m TESS Telescope,1,2.76953,0.00003,-0.00003,0,0.02933,0.00024,-0.00024,0,1.24,0.023,-0.023,0,0.039,0.043,-0.023,0,87.35,0.14,-0.14,0,2459497.91,0.0003,-0.0003,0,0.665,0.022,-0.024,0,,,,,1.15,0.02,-0.02,0,14.43,0.29,-0.29,0,0.02586,0.00046,-0.00046,0,,,,,57,70,-160,0,06h37m09.97s,99.2915429,+17d33m58.57s,17.5662696
HD 260655 c,HD 260655,TIC 307809773,1,2,Transit,2022,Transiting Exoplanet Survey Satellite (TESS),0.1 m TESS Telescope,1,5.70588,0.00007,-0.00007,0,0.04749,0.00039,-0.00039,0,1.533,0.051,-0.046,0,0.038,0.036,-0.022,0,87.79,0.08,-0.08,0,2459490.365,0.0004,-0.0004,0,0.89,0.007,-0.008,0,,,,,0.98,0.02,-0.02,0,23.37,0.47,-0.47,0,0.032,0.001,-0.001,0,,,,,-25,156,-116,0,06h37m09.97s,99.2915429,+17d33m58.57s,17.5662696
HD 3167 c,HD 3167,TIC 318707987,1,4,Transit,2016,K2,0.95 m Kepler Telescope,1,29.84622,0.00098,-0.00091,0,0.1806,0.008,-0.008,0,2.74,0.106,-0.1,0,0.05,0.07,-0.04,0,89.6,0.2,-0.2,0,2457394.978,0.00085,-0.00085,0,0.3,0.11,-0.18,0,,,,,4.81,0.17,-0.09,0,46.5,1.5,-1.5,0,0.03006,0.00065,-0.00055,0,,,,,178,134,-136,0,00h34m57.64s,8.7401487,+04d22m50.60s,4.3807215
HD 73583 b,HD 73583,TIC 101011575,1,2,Transit,2022,Transiting Exoplanet Survey Satellite (TESS),0.1 m TESS Telescope,1,6.3980661,0.0000095,-0.0000097,0,0.05995,0.00074,-0.00072,0,2.84,0.16,-0.12,0,0.294,0.13,-0.062,0,89.45,0.38,-0.5,0,2458703.234,0.00044,-0.00045,0,0.134,0.13,-0.093,0,0.1446,0.0048,-0.0048,0,2.08,0.03,-0.03,0,19.03,0.51,-0.48,0,0.03803,0.00063,-0.00064,0,2458511.67,0.15,-0.43,0,130,30,-46,0,08h38m45.19s,129.6883026,-13d15m23.50s,-13.2565267
HD 73583 c,HD 73583,TIC 101011575,1,2,Transit,2022,Transiting Exoplanet Survey Satellite (TESS),0.1 m TESS Telescope,1,18.87974,0.00086,-0.00074,0,0.1242,0.0055,-0.0054,0,2.39,0.1,-0.09,0,0.08,0.11,-0.06,0,89.72,0.2,-0.27,0,2459232.168,0.0019,-0.0024,0,0.21,0.23,-0.15,0,,,,,3.67,0.09,-0.102,0,41.11,1.25,-1.3,0,0.03368,0.00089,-0.00083,0,,,,,-41.6,52.8,-47.7,0,08h38m45.19s,129.6883026,-13d15m23.50s,-13.2565267
HIP 113103 b,HIP 113103,TIC 121490076,1,2,Transit,2023,Transiting Exoplanet Survey Satellite (TESS),0.1 m TESS Telescope,1,7.610303,0.000018,-0.000018,0,0.06899,0.00029,-0.00023,0,1.829,0.096,-0.067,0,0.17,0.17,-0.13,0,88.23,0.18,-0.14,0,2458325.597,0.0033,-0.0024,0,0.656,0.07,-0.084,0,0.0596,0.0062,-0.0051,0,2.1384,0.18,-0.1632,0,21.39,0.1,-0.13,0,0.0242,0.0013,-0.0008,0,,,,,-10,120,-140,0,22h54m17.37s,343.5723794,-43d00m36.82s,-43.0102291
HIP 113103 c,HIP 113103,TIC 121490076,1,2,Transit,2023,Transiting Exoplanet Survey Satellite (TESS),0.1 m TESS Telescope,1,14.245648,0.000019,-0.000019,0,0.10479,0.00045,-0.00035,0,2.4,0.1,-0.08,0,0.17,0.17,-0.13,0,89.24,0.4,-0.22,0,2458337.056,0.0019,-0.0019,0,0.614,0.028,-0.063,0,0.1051,0.011,-0.0087,0,4.2336,0.2184,-0.12,0,32.49,0.15,-0.19,0,0.0303,0.0014,-0.001,0,,,,,-70,100,-60,0,22h54m17.37s,343.5723794,-43d00m36.82s,-43.0102291
K2-138 b,K2-138,TIC 4610830,1,6,Transit,2017,K2,0.95 m Kepler Telescope,1,2.35309,0.00022,-0.00022,0,0.03385,0.00023,-0.00029,0,1.51,0.11,-0.084,0,0.048,0.054,-0.033,0,87.2,1.2,-1,0,2457773.317,0.00091,-0.0009,0,0.419,0.164,-0.181,0,,,,,2.01,0.12,-0.12,0,8.5,0.2,-0.4,0,0.016,0.00083,-0.00076,0,,,,,244,32,-97,0,23h15m47.77s,348.9490311,-10d50m59.06s,-10.8497391
K2-138 c,K2-138,TIC 4610830,1,6,Transit,2017,K2,0.95 m Kepler Telescope,1,3.56004,0.00012,-0.00011,0,0.04461,0.0003,-0.00038,0,2.299,0.12,-0.087,0,0.045,0.051,-0.032,0,88.1,0.7,-0.7,0,2457740.322,0.00087,-0.00089,0,0.369,0.13,-0.136,0,,,,,2.38,0.05,-0.06,0,11.1,0.2,-0.5,0,0.02439,0.00065,-0.00059,0,,,,,200,60,-27,0,23h15m47.77s,348.9490311,-10d50m59.06s,-10.8497391
K2-138 d,K2-138,TIC 4610830,1,6,Transit,2017,K2,0.95 m Kepler Telescope,1,5.40479,0.00021,-0.00021,0,0.05893,0.0004,-0.0005,0,2.39,0.104,-0.084,0,0.043,0.041,-0.03,0,89,0.6,-0.6,0,2457743.16,0.00091,-0.00093,0,0.241,0.159,-0.152,0,,,,,2.7,0.07,-0.07,0,14.7,0.3,-0.7,0,0.02532,0.00067,-0.00063,0,,,,,83,82,-38,0,23h15m47.77s,348.9490311,-10d50m59.06s,-10.8497391
K2-138 e,K2-138,TIC 4610830,1,6,Transit,2017,K2,0.95 m Kepler Telescope,1,8.26146,0.00021,-0.00022,0,0.0782,0.00053,-0.00066,0,3.39,0.156,-0.11,0,0.077,0.048,-0.049,0,88.6,0.3,-0.3,0,2457740.646,0.00085,-0.00081,0,0.468,0.096,-0.126,0,,,,,2.97,0.05,-0.05,0,19.5,0.4,-0.9,0,0.03599,0.00081,-0.00073,0,,,,,180,40,-44,0,23h15m47.77s,348.9490311,-10d50m59.06s,-10.8497391
K2-138 f,K2-138,TIC 4610830,1,6,Transit,2017,K2,0.95 m Kepler Telescope,1,12.75758,0.0005,-0.00048,0,0.10447,0.0007,-0.00088,0,2.904,0.164,-0.111,0,0.062,0.064,-0.043,0,88.8,0.2,-0.2,0,2457738.702,0.00093,-0.00092,0,0.56,0.079,-0.112,0,,,,,3.2,0.08,-0.08,0,26.1,0.6,-1.2,0,0.03085,0.00088,-0.00089,0,,,,,144,117,-80,0,23h15m47.77s,348.9490311,-10d50m59.06s,-10.8497391
K2-138 g,K2-138,TIC 4610830,1,6,Transit,2021,K2,0.95 m Kepler Telescope,1,41.96797,0.00843,-0.00725,0,0.23109,0.00154,-0.00196,0,3.013,0.303,-0.251,0,0.059,0.063,-0.04,0,89.4,0.4,-0.3,0,2457773.862,0.01863,-0.03219,0,0.558,0.284,-0.356,0,,,,,4.75,0.8,-1.42,0,57.7,1.2,-2.6,0,0.03187,0.00295,-0.0025,0,,,,,164,92,-72,0,23h15m47.77s,348.9490311,-10d50m59.06s,-10.8497391
K2-199 b,K2-199,TIC 2621212,1,2,Transit,2018,K2,0.95 m Kepler Telescope,1,3.2253993,0.0000024,-0.0000024,0,0.0382,0.0004,-0.0004,0,1.73,0.05,-0.04,0,0.02,0.03,-0.02,0,88.8,0.6,-0.6,0,2457218.737,0.00051,-0.00055,0,0.25,0.12,-0.15,0,,,,,2.017,0.049,-0.054,0,12.07,0.26,-0.27,0,0.02346,0.00043,-0.00038,0,,,,,170,130,-120,0,13h55m36.35s,208.9014508,-06d08m09.90s,-6.1360833
K2-199 c,K2-199,TIC 2621212,1,2,Transit,2018,K2,0.95 m Kepler Telescope,1,7.3744897,0.0000037,-0.0000037,0,0.0662,0.0007,-0.0007,0,2.85,0.1,-0.09,0,0.03,0.06,-0.03,0,87.7,0.6,-0.6,0,2457222.93,0.00035,-0.00035,0,0.49,0.06,-0.08,0,,,,,2.452,0.097,-0.081,0,20.96,0.46,-0.48,0,0.03846,0.00089,-0.00077,0,,,,,170,130,-110,0,13h55m36.35s,208.9014508,-06d08m09.90s,-6.1360833
K2-233 b,K2-233,TIC 428820090,1,3,Transit,2018,K2,0.95 m Kepler Telescope,1,2.4675,0.00004,-0.00004,0,0.03308,0.0001,-0.00009,0,1.343,0.018,-0.016,0,0.079,0.048,-0.029,0,89.3,0.5,-0.7,0,2457991.691,0.00083,-0.00084,0,0.13,0.13,-0.09,0,,,,,1.988,0.026,-0.026,0,10.07,0.05,-0.05,0,0.01743,0.00019,-0.00016,0,,,,,248,53,-35,0,15h21m55.18s,230.4799011,-20d13m54.47s,-20.2317975
K2-233 c,K2-233,TIC 428820090,1,3,Transit,2018,K2,0.95 m Kepler Telescope,1,7.06005,0.00024,-0.00027,0,0.06666,0.0002,-0.00018,0,1.281,0.022,-0.021,0,0.2002,,,1,89.6,0.3,-0.4,0,2457586.877,0.01769,-0.01567,0,0.13,0.14,-0.09,0,,,,,2.796,0.057,-0.053,0,20.3,0.11,-0.1,0,0.01663,0.00026,-0.00024,0,,,,,261,52,-44,0,15h21m55.18s,230.4799011,-20d13m54.47s,-20.2317975
K2-233 d,K2-233,TIC 428820090,1,3,Transit,2018,K2,0.95 m Kepler Telescope,1,24.3645,0.00068,-0.00068,0,0.15224,0.00046,-0.00042,0,2.358,0.043,-0.036,0,0.1999,,,1,89.6,0.2,-0.1,0,2458005.582,0.00092,-0.00088,0,0.32,0.11,-0.2,0,,,,,3.838,0.033,-0.033,0,46.36,0.24,-0.24,0,0.03062,0.00048,-0.0004,0,,,,,139,100,-82,0,15h21m55.18s,230.4799011,-20d13m54.47s,-20.2317975
K2-3 b,K2-3,TIC 173103335,1,3,Transit,2015,K2,0.95 m Kepler Telescope,1,10.05429,0.00022,-0.00022,0,0.0775,0.0039,-0.0039,0,2.078,0.18,-0.093,0,0.06,0.06,-0.06,0,89.59,0.24,-0.4,0,2456813.418,0.00082,-0.00082,0,0.21,0.21,-0.12,0,,,,,2.563,0.039,-0.039,0,30.74,0.53,-2.5,0,0.03477,0.00064,-0.00064,0,,,,,180,70,-70,0,11h29m20.49s,172.3353708,-01d27m18.49s,-1.4551364
K2-3 d,K2-3,TIC 173103335,1,3,Transit,2015,K2,0.95 m Kepler Telescope,1,44.5705,0.0059,-0.0059,0,0.2086,0.01,-0.01,0,1.53,0.11,-0.11,0,0.045,0.045,-0.045,0,89.79,0.15,-0.15,0,2456826.227,0.0027,-0.0027,0,0.359,0.089,-0.27,0,,,,,4.07,0.12,-0.12,0,82.9,1.4,-6.9,0,0.02495,0.00074,-0.00074,0,,,,,351,66,-66,0,11h29m20.49s,172.3353708,-01d27m18.49s,-1.4551364
KELT-6 b,KELT-6,TIC 165987272,1,2,Transit,2014,KELT,Mamiya 645 80mm f/1.9,1,7.8457,0.0002,-0.0002,0,0.07939,0.001,-0.00099,0,13.372,1.457,-0.863,0,0.22,0.12,-0.1,0,88.81,0.79,-0.91,0,2456347.797,0.000364,-0.000364,0,0.2,0.14,-0.13,0,0.602,0.016,-0.014,0,5.52,1.032,-0.768,0,10.79,0.6,-0.89,0,0.07761,0.001,-0.00092,0,2456269.2,1.7,-2.5,0,80,110,-120,0,13h03m55.64s,195.9818362,+30d38m24.52s,30.640145
KOI-12 b,KOI-12,TIC 169461816,1,2,Transit,2015,Kepler,0.95 m Kepler Telescope,1,17.8552333,0.0000009,-0.0000009,0,0.151,0.003,-0.003,0,16.029,1.457,-1.457,0,0.72,,,1,88.95,0.15,-0.25,0,2454979.596,0.00027,-0.00027,0,0.3629,0.0064,-0.0064,0,,,,,6.788,0.018,-0.007,0,20,1.5,-1.5,0,0.09049,0.00008,-0.00008,0,,,,,228,120,-120,0,19h49m48.90s,297.4537402,+41d00m39.67s,41.0110188
Kepler-101 b,Kepler-101,TIC 48304653,1,2,Transit,2014,Kepler,0.95 m Kepler Telescope,1,3.4876812,0.000007,-0.000007,0,0.0474,0.001,-0.0008,0,5.77,0.85,-0.79,0,0.086,0.08,-0.059,0,85.82,1.73,-1.53,0,2455088.78,0.00041,-0.00041,0,0.52,0.09,-0.18,0,,,,,3.875,0.023,-0.02,0,6.55,0.88,-0.69,0,0.03401,0.00061,-0.00082,0,,,,,231,32,-90,0,18h53m01.32s,283.255507,+48d21m18.89s,48.3552474
Kepler-101 c,Kepler-101,TIC 48304653,1,2,Transit,2014,Kepler,0.95 m Kepler Telescope,1,6.02976,0.000075,-0.000075,0,0.0684,0.0014,-0.0014,0,1.25,0.19,-0.17,0,0,,,0,84.6,3.4,-3.1,0,2454965.486,0.0088,-0.0088,0,0.75,0.13,-0.36,0,,,,,3.87,0.24,-0.24,0,8,3,-2.1,0,0.00732,0.00063,-0.00054,0,,,,,90,,,0,18h53m01.32s,283.255507,+48d21m18.89s,48.3552474
Kepler-117 b,Kepler-117,TIC 299032847,1,2,Transit,2014,Kepler,0.95 m Kepler Telescope,1,18.7959228,0.0000075,-0.0000075,0,0.1445,0.0047,-0.0014,0,8.059,0.269,-0.269,0,0.0493,0.0062,-0.0062,0,88.74,0.12,-0.12,0,2454978.822,0.00035,-0.00035,0,0.446,0.032,-0.032,0,,,,,7.258,0.02,-0.02,0,19.67,0.37,-0.37,0,0.0463,0.00025,-0.00025,0,,,,,254.3,4.1,-4.1,0,19h15m10.34s,288.7930651,+48d02m24.63s,48.040176
Kepler-117 c,Kepler-117,TIC 299032847,1,2,Transit,2014,Kepler,0.95 m Kepler Telescope,1,50.790391,0.000014,-0.000014,0,0.2804,0.0092,-0.0028,0,12.341,0.392,-0.392,0,0.0323,0.0033,-0.0033,0,89.64,0.1,-0.1,0,2454968.632,0.00025,-0.00025,0,0.268,0.036,-0.087,0,,,,,10.883,0.031,-0.031,0,38.18,0.72,-0.72,0,0.07052,0.00034,-0.00034,0,,,,,305,7.5,-7.5,0,19h15m10.34s,288.7930651,+48d02m24.63s,48.040176
Kepler-1514 b,Kepler-1514,TIC 137685450,1,2,Transit,2016,Kepler,0.95 m Kepler Telescope,1,217.83184,0.00012,-0.00012,0,0.753,0.013,-0.014,0,12.42,0.258,-0.258,0,0.401,0.013,-0.014,0,89.944,0.013,-0.01,0,2455071.814,0.00046,-0.00046,0,0.169,0.03,-0.039,0,0.7805,0.0025,-0.0027,0,21.32688,0.01848,-0.01872,0,125.6,2.2,-2.2,0,0.08835,0.00014,-0.00015,0,2454981.75,0.73,-0.74,0,-75.28,0.75,-0.71,0,19h30m30.60s,292.6274943,+37d51m36.60s,37.8601653
Kepler-1514 c,Kepler-1514,TIC 137685450,1,2,Transit,2020,Kepler,0.95 m Kepler Telescope,1,10.514181,0.000039,-0.000039,0,0.0997,0.0018,-0.0018,0,1.176,0.057,-0.044,0,0.32,0.35,-0.19,0,87.98,1.2,-0.4,0,2454957.055,0.0034,-0.0036,0,0.47,0.22,-0.31,0,0.00699,0.00063,-0.00043,0,3.7608,0.084,-0.0816,0,16.63,0.29,-0.29,0,0.00836,0.00037,-0.00026,0,2454956.9,1.3,-1.3,0,0,120,-160,0,19h30m30.60s,292.6274943,+37d51m36.60s,37.8601653
Kepler-9 b,Kepler-9,TIC 120571842,1,3,Transit,2010,Kepler,0.95 m Kepler Telescope,1,19.23891,0.00006,-0.00006,0,0.143,0.007,-0.006,0,8.29,0.54,-0.43,0,0.0609,0.001,-0.0013,0,88.982,0.007,-0.005,0,2454977.512,0.065,-0.065,0,0.59,0.06,-0.05,0,,,,,4.243,0.13,-0.06,0,31.3,1.1,-1.5,0,0.0776,0.0019,-0.0015,0,,,,,357,0.5,-0.4,0,19h02m17.76s,285.5739904,+38d24m02.95s,38.4008192
Kepler-9 c,Kepler-9,TIC 120571842,1,3,Transit,2010,Kepler,0.95 m Kepler Telescope,1,38.9853,0.0003,-0.0003,0,0.227,0.012,-0.008,0,8.08,0.54,-0.41,0,0.06691,0.0001,-0.00012,0,89.188,0.005,-0.006,0,2454968.84,0.2,-0.2,0,0.74,0.04,-0.04,0,,,,,4.565,0.12,-0.12,0,49.8,1.7,-2.6,0,0.0756,0.0018,-0.0014,0,,,,,167.5,0.1,-0.1,0,19h02m17.76s,285.5739904,+38d24m02.95s,38.4008192
L 98-59 b,L 98-59,TIC 307210830,1,4,Transit,2019,Transiting Exoplanet Survey Satellite (TESS),0.1 m TESS Telescope,1,2.25314,0.00002,-0.00002,0,0.0233,0.0017,-0.0017,0,0.8,0.05,-0.05,0,0.1,0.17,-0.07,0,88.7,0.8,-0.7,0,2458366.17,0.0006,-0.0007,0,0.36,0.19,-0.23,0,,,,,1.02,0.17,-0.13,0,16.2,0.8,-1,0,0.0234,0.0009,-0.0008,0,,,,,17.2,120.3,-143.2,0,08h18m07.89s,124.5328604,-68d18m52.08s,-68.3144658
L 98-59 c,L 98-59,TIC 307210830,1,4,Transit,2019,Transiting Exoplanet Survey Satellite (TESS),0.1 m TESS Telescope,1,3.690621,0.000013,-0.000014,0,0.0324,0.0023,-0.0024,0,1.35,0.08,-0.07,0,0.09,0.16,-0.07,0,89.3,0.4,-0.5,0,2458367.276,0.0004,-0.0003,0,0.29,0.2,-0.2,0,,,,,1.24,0.12,-0.17,0,22.5,1.1,-1.4,0,0.0396,0.0011,-0.0008,0,,,,,-22.9,149,-120.3,0,08h18m07.89s,124.5328604,-68d18m52.08s,-68.3144658
L 98-59 d,L 98-59,TIC 307210830,1,4,Transit,2019,Transiting Exoplanet Survey Satellite (TESS),0.1 m TESS Telescope,1,7.4507245,0.0000081,-0.0000046,0,0.0486,0.0018,-0.0019,0,1.521,0.119,-0.098,0,0.074,0.057,-0.046,0,88.449,0.058,-0.111,0,2458362.74,0.00031,-0.0004,0,0.922,0.059,-0.059,0,,,,,0.84,0.15,-0.2,0,33.7,1.9,-1.7,0,0.0448,0.00106,-0.001,0,,,,,180,27,-50,0,08h18m07.89s,124.5328604,-68d18m52.08s,-68.3144658
TOI-125 b,TOI-125,TIC 52368076,1,3,Transit,2019,Transiting Exoplanet Survey Satellite (TESS),0.1 m TESS Telescope,1,4.65382,0.00032,-0.00031,0,0.0521,0.0009,-0.00082,0,2.755,0.091,-0.079,0,0.183,0.14,-0.098,0,88.99,0.7,-0.81,0,2458355.355,0.00093,-0.00087,0,0.25,0.24,-0.17,0,0.0877,0.0046,-0.0037,0,2.9592,0.06,-0.0624,0,13.15,0.33,-0.33,0,0.02962,0.00077,-0.00063,0,,,,,-91,57,-56,0,01h34m22.42s,23.5934253,-66d40m34.86s,-66.6763495
TOI-125 c,TOI-125,TIC 52368076,1,3,Transit,2019,Transiting Exoplanet Survey Satellite (TESS),0.1 m TESS Telescope,1,9.15059,0.0007,-0.00082,0,0.0814,0.0013,-0.0013,0,2.759,0.1,-0.1,0,0.066,0.07,-0.047,0,88.54,0.41,-0.19,0,2458361.909,0.0013,-0.0013,0,0.522,0.086,-0.18,0,0.0891,0.006,-0.0057,0,2.9544,0.0624,-0.072,0,20.66,0.42,-0.42,0,0.02985,0.00099,-0.00099,0,,,,,70,100,-110,0,01h34m22.42s,23.5934253,-66d40m34.86s,-66.6763495
TOI-125 d,TOI-125,TIC 52368076,1,3,Transit,2020,Transiting Exoplanet Survey Satellite (TESS),0.1 m TESS Telescope,1,19.98,0.005,-0.0056,0,0.137,0.0022,-0.0022,0,2.93,0.17,-0.17,0,0.168,0.088,-0.062,0,88.795,0.18,-0.1,0,2458342.852,0.0039,-0.0039,0,0.652,0.093,-0.16,0,0.1,0.012,-0.011,0,3.1128,0.168,-0.1368,0,34.77,0.7,-0.7,0,0.0317,0.0018,-0.0018,0,,,,,46,23,-44,0,01h34m22.42s,23.5934253,-66d40m34.86s,-66.6763495
TOI-1260 b,TOI-1260,TIC 355867695,1,3,Transit,2021,Transiting Exoplanet Survey Satellite (TESS),0.1 m TESS Telescope,1,3.12748,0.000047,-0.000038,0,0.0366,0.0022,-0.0036,0,2.34,0.11,-0.09,0,0,,,0,88.8,0.8,-1.4,0,2458684.013,0.0016,-0.0024,0,0.26,0.25,-0.17,0,,,,,1.963,0.066,-0.091,0,12.14,0.7,-1.2,0,0.0329,0.0014,-0.0012,0,,,,,90,,,0,10h28m34.58s,157.1440712,+65d51m15.11s,65.8541986
TOI-1260 c,TOI-1260,TIC 355867695,1,3,Transit,2021,Transiting Exoplanet Survey Satellite (TESS),0.1 m TESS Telescope,1,7.49325,0.00015,-0.00013,0,0.0656,0.0039,-0.0065,0,2.82,0.15,-0.15,0,0,,,0,88.12,0.24,-0.39,0,2458686.118,0.0033,-0.0035,0,0.714,0.067,-0.066,0,,,,,1.96,0.12,-0.1,0,21.7,1.2,-2.2,0,0.0398,0.002,-0.002,0,,,,,90,,,0,10h28m34.58s,157.1440712,+65d51m15.11s,65.8541986
TOI-1260 d,TOI-1260,TIC 355867695,1,3,Transit,2022,Transiting Exoplanet Survey Satellite (TESS),0.1 m TESS Telescope,1,16.608164,0.000083,-0.000083,0,0.1116,0.0033,-0.0033,0,3.12,0.08,-0.08,0,0,,,0,89.14,0.1,-0.1,0,2459062.017,0.001309,-0.001309,0,0.53,0.05,-0.05,0,0.1808,0.0078,-0.0078,0,3.19,0.07,-0.07,0,35.69,1.06,-1.06,0,0.0425,0.0009,-0.0009,0,,,,,0,,,0,10h28m34.58s,157.1440712,+65d51m15.11s,65.8541986
TOI-1266 b,TOI-1266,TIC 467179528,1,2,Transit,2020,Transiting Exoplanet Survey Satellite (TESS),0.1 m TESS Telescope,1,10.894879,0.00007,-0.00007,0,0.0745,0.0046,-0.0069,0,2.458,0.083,-0.073,0,0,,,0,89.36,0.2,-0.33,0,2458691.005,0.0011,-0.0011,0,0.43,0.16,-0.16,0,0.283,0.016,-0.013,0,2.11,0.04,-0.04,0,37.9,2.2,-3.5,0,0.0532,0.0015,-0.0012,0,,,,,0,,,0,13h11m59.18s,197.9965833,+65d50m01.31s,65.8336973
TOI-1670 b,TOI-1670,TIC 441739020,1,2,Transit,2022,Transiting Exoplanet Survey Satellite (TESS),0.1 m TESS Telescope,1,10.98462,0.00046,-0.00051,0,0.103,0.002,-0.002,0,2.06,0.19,-0.15,0,0.59,0.17,-0.26,0,86.87,1.16,-1.07,0,2458721.942,0.0071,-0.0062,0,0.61,0.22,-0.37,0,,,,,2.8,0.16,-0.19,0,16.88,0.27,-0.27,0,0.014,0.001,-0.001,0,,,,,163.6,41.7,-53.7,0,17h16m04.14s,259.0172522,+72d09m40.25s,72.1611806
TOI-1670 c,TOI-1670,TIC 441739020,1,2,Transit,2022,Transiting Exoplanet Survey Satellite (TESS),0.1 m TESS Telescope,1,40.74976,0.000022,-0.00021,0,0.249,0.005,-0.005,0,11.063,0.28,-0.28,0,0.09,0.05,-0.04,0,88.84,0.04,-0.04,0,2458750.883,0.00085,-0.00083,0,0.76,0.02,-0.04,0,,,,,5.4,0.06,-0.05,0,40.68,0.66,-0.66,0,0.077,0.002,-0.002,0,,,,,105.5,28.6,-29.4,0,17h16m04.14s,259.0172522,+72d09m40.25s,72.1611806
TOI-2095 b,TOI-2095,TIC 235678745,1,2,Transit,2023,Transiting Exoplanet Survey Satellite (TESS),0.1 m TESS Telescope,1,17.664872,0.000045,-0.000051,0,0.101,0.0088,-0.0084,0,1.3,0.1,-0.1,0,0.12,0.19,-0.08,0,89.64,0.24,-0.24,0,2459646.704,0.0012,-0.0012,0,0.3,0.22,-0.2,0,0.0693,0.0061,-0.0062,0,2.72,0.37,-0.43,0,48,2.7,-2.7,0,0.0263,0.0011,-0.0011,0,,,,,-17,140,-130,0,19h02m32.77s,285.6365235,+75d25m06.65s,75.4185135
TOI-2095 c,TOI-2095,TIC 235678745,1,2,Transit,2023,Transiting Exoplanet Survey Satellite (TESS),0.1 m TESS Telescope,1,28.1722,0.00011,-0.00014,0,0.138,0.012,-0.011,0,1.39,0.11,-0.1,0,0.13,0.18,-0.09,0,89.79,0.14,-0.18,0,2459662.146,0.0018,-0.002,0,0.24,0.23,-0.16,0,0.0796,0.0071,-0.0069,0,3.12,0.39,-0.54,0,65.6,3.7,-3.6,0,0.0282,0.0013,-0.0013,0,,,,,-55,100,-92,0,19h02m32.77s,285.6365235,+75d25m06.65s,75.4185135
TOI-411 b,HD 22946,TIC 100990000,1,3,Transit,2022,Transiting Exoplanet Survey Satellite (TESS),0.1 m TESS Telescope,1,4.040301,0.000023,-0.000042,0,0.0528,0.003,-0.003,0,1.72,0.1,-0.1,0,0.126,0.19,-0.009,0,88.3,1.1,-1.2,0,2458385.73,0.004361,-0.001199,0,0.29,0.23,-0.12,0,0.0201,0.0017,-0.0016,0,2.96,0.38,-0.53,0,9.84,0.53,-0.51,0,0.01358,0.0006,-0.00059,0,,,,,-40,130,-140,0,03h39m16.69s,54.819538,-42d45m46.90s,-42.7630276
TOI-411 c,HD 22946,TIC 100990000,1,3,Transit,2022,Transiting Exoplanet Survey Satellite (TESS),0.1 m TESS Telescope,1,9.573096,0.000026,-0.000023,0,0.0939,0.0054,-0.0054,0,2.74,0.14,-0.14,0,0.16,0.17,-0.1,0,88.57,0.86,-0.53,0,2458386.188,0.001278,-0.001313,0,0.42,0.2,-0.27,0,0.0502,0.0032,-0.003,0,3.95,0.82,-0.8,0,17.49,0.95,-0.91,0,0.02161,0.00077,-0.00075,0,,,,,10,130,-140,0,03h39m16.69s,54.819538,-42d45m46.90s,-42.7630276
TOI-5126 b,TOI-5126,TIC 27064468,1,2,Transit,2023,Transiting Exoplanet Survey Satellite (TESS),0.1 m TESS Telescope,1,5.4588385,0.000007,-0.0000072,0,0.06519,0.00087,-0.00082,0,4.74,0.16,-0.14,0,0,,,0,88.79,0.72,-0.53,0,2459627.039,0.00043,-0.00039,0,0.24,0.1,-0.14,0,,,,,3.726,0.017,-0.016,0,11.32,0.26,-0.33,0,0.03498,0.00065,-0.0006,0,,,,,0,,,0,10h06m38.35s,151.6597827,+18d38m02.63s,18.6340631
TOI-5126 c,TOI-5126,TIC 27064468,1,2,Transit,2023,Transiting Exoplanet Survey Satellite (TESS),0.1 m TESS Telescope,1,17.8999,0.0018,-0.0013,0,0.1439,0.0019,-0.0018,0,3.86,0.17,-0.16,0,0,,,0,89.23,0.32,-0.25,0,2459613.744,0.0049,-0.0029,0,0.34,0.1,-0.14,0,,,,,5.34,0.14,-0.17,0,24.99,0.57,-0.74,0,0.02854,0.0008,-0.0009,0,,,,,0,,,0,10h06m38.35s,151.6597827,+18d38m02.63s,18.6340631
TOI-5398 b,TOI-5398,TIC 8260536,1,2,Transit,2022,Transiting Exoplanet Survey Satellite (TESS),0.1 m TESS Telescope,1,10.590547,0.000012,-0.000011,0,0.098,0.005,-0.005,0,10.3,0.4,-0.4,0,0.13,,,1,89.21,0.31,-0.21,0,2459616.492,0.00022,-0.00021,0,0.272,0.069,-0.11,0,,,,,4.258,0.149,-0.103,0,20,0.6,-0.6,0,0.0899,0.0007,-0.0006,0,,,,,92,82,-45,0,10h47m31.09s,161.8795569,+36d19m45.96s,36.3294345
TOI-5398 c,TOI-5398,TIC 8260536,1,2,Transit,2023,Transiting Exoplanet Survey Satellite (TESS),0.1 m TESS Telescope,1,4.77271,0.00016,-0.00014,0,0.057,0.003,-0.003,0,3.52,0.19,-0.19,0,0.14,,,1,88.4,,,-1,2459628.618,0.0009,-0.00086,0,0.34,,,1,,,,,3.127,0.108,-0.127,0,11.8,0.4,-0.4,0,0.0308,0.0011,-0.0012,0,,,,,172,79,-107,0,10h47m31.09s,161.8795569,+36d19m45.96s,36.3294345
TOI-561 b,TOI-561,TIC 377064495,1,4,Transit,2020,Transiting Exoplanet Survey Satellite (TESS),0.1 m TESS Telescope,1,0.446578,0.000017,-0.000017,0,0.01055,0.00008,-0.00008,0,1.423,0.066,-0.066,0,0,,,0,87,2.1,-2.8,0,2458517.498,0.001,-0.001,0,0.14,0.13,-0.1,0,,,,,1.327,0.021,-0.03,0,2.646,0.031,-0.031,0,0.0152,0.0007,-0.0007,0,,,,,90,,,0,09h52m44.44s,148.1851516,+06d12m57.97s,6.216103
TOI-561 c,TOI-561,TIC 377064495,1,4,Transit,2020,Transiting Exoplanet Survey Satellite (TESS),0.1 m TESS Telescope,1,10.778831,0.000034,-0.000036,0,0.0884,0.0009,-0.0009,0,2.91,0.04,-0.04,0,0.03,0.035,-0.021,0,89.69,0.21,-0.31,0,2459238.463,0.0008,-0.0009,0,0.12,0.13,-0.08,0,,,,,3.75,0.05,-0.08,0,22.43,0.2,-0.21,0,0.0316,0.0004,-0.0004,0,,,,,291,55,-84,0,09h52m44.44s,148.1851516,+06d12m57.97s,6.216103
TOI-561 d,TOI-561,TIC 377064495,1,4,Transit,2020,Transiting Exoplanet Survey Satellite (TESS),0.1 m TESS Telescope,1,25.62,0.04,-0.04,0,0.1569,0.0012,-0.0012,0,2.53,0.13,-0.13,0,0.051,0.064,-0.036,0,89.54,0.28,-0.21,0,2458521.882,0.004,-0.004,0,0.32,0.17,-0.19,0,,,,,4.85,0.2,-0.35,0,39.35,0.46,-0.46,0,0.0271,0.0014,-0.0014,0,,,,,246,67,-124,0,09h52m44.44s,148.1851516,+06d12m57.97s,6.216103
TOI-561 e,TOI-561,TIC 377064495,1,4,Transit,2020,Transiting Exoplanet Survey Satellite (TESS),0.1 m TESS Telescope,1,77.23,0.39,-0.39,0,0.3274,0.0028,-0.0027,0,2.67,0.11,-0.11,0,0.061,0.051,-0.042,0,89.75,0.14,-0.08,0,2458538.181,0.004,-0.004,0,0.34,0.13,-0.2,0,,,,,6.96,0.34,-0.38,0,82.13,0.99,-0.99,0,0.0286,0.0011,-0.0011,0,,,,,155,83,-83,0,09h52m44.44s,148.1851516,+06d12m57.97s,6.216103
TOI-700 b,TOI-700,TIC 150428135,1,4,Transit,2020,Transiting Exoplanet Survey Satellite (TESS),0.1 m TESS Telescope,1,9.97702,0.00024,-0.00028,0,0.0677,0.0011,-0.0011,0,1.037,0.065,-0.064,0,0.081,0.095,-0.058,0,89.66,0.24,-0.29,0,2458490.987,0.0027,-0.0029,0,0.21,0.19,-0.15,0,0.0503,0.0048,-0.0046,0,2.2632,0.1344,-0.1176,0,34.3,1.5,-1.4,0,0.0224,0.001,-0.0011,0,,,,,-75,94,-84,0,06h28m22.97s,97.0957165,-65d34m43.01s,-65.5786149
TOI-700 c,TOI-700,TIC 150428135,1,4,Transit,2020,Transiting Exoplanet Survey Satellite (TESS),0.1 m TESS Telescope,1,16.05111,0.000062,-0.000063,0,0.0929,0.0015,-0.0015,0,2.65,0.16,-0.15,0,0.078,0.075,-0.056,0,88.868,0.083,-0.1,0,2458548.753,0.0005,-0.0005,0,0.893,0.017,-0.021,0,0.329,0.024,-0.02,0,1.4136,0.0456,-0.0432,0,47.1,2,-1.9,0,0.0573,0.002,-0.0018,0,,,,,81,80,-83,0,06h28m22.97s,97.0957165,-65d34m43.01s,-65.5786149
TOI-700 d,TOI-700,TIC 150428135,1,4,Transit,2020,Transiting Exoplanet Survey Satellite (TESS),0.1 m TESS Telescope,1,37.42475,0.00036,-0.0004,0,0.1633,0.0026,-0.0027,0,1.144,0.062,-0.061,0,0.111,0.14,-0.078,0,89.79,0.14,-0.12,0,2458742.148,0.0016,-0.0012,0,0.3,0.19,-0.2,0,0.0613,0.0045,-0.0043,0,3.3216,0.0792,-0.0648,0,82.9,3.5,-3.3,0,0.02476,0.00088,-0.00089,0,,,,,0,140,-130,0,06h28m22.97s,97.0957165,-65d34m43.01s,-65.5786149
TOI-776 b,TOI-776,TIC 306996324,1,2,Transit,2020,Transiting Exoplanet Survey Satellite (TESS),0.1 m TESS Telescope,1,8.24661,0.00005,-0.00004,0,0.0652,0.0015,-0.0015,0,1.85,0.13,-0.13,0,0.06,0.03,-0.02,0,89.65,0.22,-0.37,0,2458571.417,0.001,-0.0011,0,0.25,0.1,-0.14,0,0.1063,0.0104,-0.0104,0,2.41,0.11,-0.1,0,27.87,0.97,-1.02,0,0.0316,0.0008,-0.0011,0,,,,,-67,117,-73,0,11h54m18.72s,178.577997,-37d33m12.08s,-37.5533568
TOI-776 c,TOI-776,TIC 306996324,1,2,Transit,2020,Transiting Exoplanet Survey Satellite (TESS),0.1 m TESS Telescope,1,15.6653,0.0004,-0.0003,0,0.1,0.0024,-0.0024,0,2.02,0.14,-0.14,0,0.04,0.02,-0.01,0,89.51,0.25,-0.21,0,2458572.6,0.0018,-0.0016,0,0.27,0.12,-0.11,0,0.1484,0.0127,-0.0127,0,2.99,0.16,-0.13,0,42.75,1.49,-1.57,0,0.0344,0.0009,-0.0008,0,,,,,-11,55,-79,0,11h54m18.72s,178.577997,-37d33m12.08s,-37.5533568
WASP-132 b,WASP-132,TIC 127530399,1,2,Transit,2016,SuperWASP-South,Canon 200mm f/1.8L,1,7.133514,0.000004,-0.000004,0,0.067,0.001,-0.001,0,10.05,0.34,-0.34,0,0.07,0.15,-0.05,0,89.51,0.14,-0.49,0,2459337.608,0.0002,-0.0002,0,0.16,0.11,-0.11,0,,,,,3.18,0.18,-0.21,0,19.03,0.66,-0.66,0,0.122,0.006,-0.006,0,,,,,-5,146,-153,0,14h30m26.21s,217.6091998,-46d09m34.26s,-46.159516
WASP-132 c,WASP-132,TIC 127530399,1,2,Transit,2022,Transiting Exoplanet Survey Satellite (TESS),0.1 m TESS Telescope,1,1.011534,0.000005,-0.000005,0,0.0182,0.0003,-0.0003,0,1.85,0.1,-0.1,0,0.13,0.2,-0.09,0,86.64,1.12,-3.52,0,2458597.576,0.0024,-0.0024,0,0.28,0.24,-0.19,0,,,,,1.47,0.14,-0.22,0,5.17,0.18,-0.18,0,0.023,0.001,-0.001,0,,,,,-53,105,-95,0,14h30m26.21s,217.6091998,-46d09m34.26s,-46.159516
WASP-148 b,WASP-148,TIC 115524421,1,2,Transit,2020,SuperWASP-North,Canon 200mm f/1.8L,1,8.80381,0.000043,-0.000043,0,0.0845,0.0022,-0.0022,0,8.093,0.616,-0.616,0,0.22,0.063,-0.063,0,89.8,0.27,-0.27,0,2457957.488,0.0059,-0.0059,0,0.046,0.066,-0.066,0,,,,,3.016,0.019,-0.019,0,19.8,1.5,-1.5,0,0.0807,0.0007,-0.0007,0,2457957,0.43,-0.43,0,59,20,-20,0,16h56m31.32s,254.1305022,+44d18m09.13s,44.3025361
